X,Y,ENFORCEMENT_SPACE_CODE,SITE_CODE,ENFORCEMENT_TYPE,LOCATION_DESCRIPTION,SPEED_LIMIT,DEVICE_MOBILITY,CAMERA_STATUS,ACTIVE_STATUS,CAMERA_LATITUDE,CAMERA_LONGITUDE,CAMERA_EASTING,CAMERA_NORTHING,WARD,ANC,SMD,OBJECTID,GLOBALID
-8572621.60620497,4711027.16372238,ATE 0183,1513,Speed,2800 BLK N CAPITOL ST NW S/B,25,,Live,Active,38.92565,-77.00917,399205.03105061,139751.84009004,5.0,5E,5E05,127227,{39A63775-CF2E-6356-E063-782F520A029D}
-8582697.68995699,4711702.86265079,ATE 0186,1302,Speed,2900 BLK ARIZONA AVE NW S/B,25,,Live,Active,38.930372,-77.099685,391356.80909253,140280.70194898,3.0,3D,3D02,127228,{39A63775-CF2F-6356-E063-782F520A029D}
-8578272.18356334,4716086.69781263,ATE 0187,1403,Speed,2900 BLK MILITARY RD NW E/B,25,,Live,Active,38.961,-77.05993,394806.07325158,143677.66938804,3.0,3/,3/4G03,127229,{39A63775-CF30-6356-E063-782F520A029D}
-8568030.79049592,4711351.98588137,ATE 0188,1516,Speed,2900 BLK S DAKOTA AVE NE NW/B,25,,Live,Active,38.92792,-76.96793,402780.97241676,140004.27790601,5.0,5C,5C02,127230,{39A63775-CF31-6356-E063-782F520A029D}
-8569469.03825174,4705246.49502887,ATE 0191,1704,Speed,300 BLK 17TH ST SE S/B,25,,Live,Active,38.88524,-76.98085,401661.67437805,135266.13687301,7.0,7D,7D10,127231,{39A63775-CF32-6356-E063-782F520A029D}
-8573315.12668092,4708124.25876595,ATE 0193,1207,Speed,300 BLK NEW YORK AVE NW W/B,25,Fixed,Live,Active,38.90536,-77.0154,398664.43119401,137499.55430102,2.0,2G,2G06,127232,{39A63775-CF33-6356-E063-782F520A029D}
-8572486.90973065,4711625.30243529,ATE 0199,1606,Speed,3000 BLK N CAPITOL ST NW S/B,40,,Live,Active,38.92983,-77.00796,399309.99383476,140215.84601348,5.0,5E,5E06,127553,{39A63775-CF34-6356-E063-782F520A029D}
-8567540.762066,4703162.6275767,ATE 0200,1714,Speed,3000 BLK PENNSYLVANIA AVE SE NW/B,25,,Live,Active,38.870667,-76.963528,403165.20840619,133648.88160116,7.0,7B,7B04,127554,{39A63775-CF35-6356-E063-782F520A029D}
-8567516.49439157,4701809.12196689,ATE 0204,1702,Speed,3100 BLK ALABAMA AVE SE NE/B,25,,Live,Active,38.8612,-76.96331,403184.54868871,132597.98281934,7.0,7B,7B05,127555,{39A63775-CF36-6356-E063-782F520A029D}
-8568310.20244467,4711671.09447194,ATE 0206,1537,Speed,3100 BLK S DAKOTA AVE NE SE/B,25,,Live,Active,38.93015,-76.97044,402563.25043739,140251.75357555,5.0,5C,5C07,127556,{39A63775-CF37-6356-E063-782F520A029D}
-8567297.30635781,4701895.75692334,ATE 0207,1703,Speed,3200 BLK ALABAMA AVE SE W/B,25,,Live,Active,38.861806,-76.961341,403355.41172234,132665.32373127,7.0,7B,7B02,127557,{39A63775-CF38-6356-E063-782F520A029D}
-8567016.6699471,4710722.38410582,ATE 0208,1522,Speed,3200 BLK FORT LINCOLN DRIVE NE S/B,25,,Live,Active,38.92352,-76.95882,403571.11982649,139516.15738789,5.0,5C,5C01,127558,{39A63775-CF39-6356-E063-782F520A029D}
-8578038.41268062,4712244.94265425,ATE 0209,1310,Speed,3300 BLK CONNECTICUT AVE NW S/B,25,Portable,Live,Active,38.93416,-77.05783,394986.19199545,140698.07160542,3.0,3C,3C05,127559,{39A63775-CF3A-6356-E063-782F520A029D}
-8566958.78370408,4704840.35538785,ATE 0211,1745,Speed,3300 BLK MINNESOTA AVE SE S/B,25,Fixed,Live,Active,38.8824,-76.9583,403618.29675275,134951.52712614,7.0,7F,7F06,127560,{39A63775-CF3B-6356-E063-782F520A029D}
-8567213.70543603,4709756.59357217,ATE 0212,1521,Speed,3300 BLK NEW YORK AVE NE E/B,45,,Live,Active,38.91677,-76.96059,403417.95732075,138766.78300726,5.0,5C,5C04,127561,{39A63775-CF3C-6356-E063-782F520A029D}
-8574258.24261399,4712052.86153275,ATE 0216,1127,Speed,3400 BLK GEORGIA AVE NW S/B,25,,Idle,Retired,38.93281,-77.02387,397930.37632623,140547.75586929,1,1E,1E03,127562,{39A63775-CF3D-6356-E063-782F520A029D}
-8571997.43791297,4698984.16858397,ATE 0217,1808,Speed,3400 BLK MLK JR. AVE SE SW/B,25,,Live,Active,38.841437,-77.003563,399690.86384358,130403.51636895,8.0,8C,8C04,127563,{39A63775-CF3E-6356-E063-782F520A029D}
-8570907.95405452,4698885.8389094,ATE 0218,1809,Speed,3400 BLK WHEELER ROAD SE S/B,25,,Live,Active,38.840749,-76.993776,400540.5280411,130327.15600011,8.0,8C,8C07,127564,{39A63775-CF3F-6356-E063-782F520A029D}
-8566657.10795772,4705356.61309532,ATE 0222,1746,Speed,3500 BLK MINNESOTA AVE SE N/B,25,Fixed,Live,Active,38.88601,-76.95559,403853.235609,135352.37570852,7.0,7B,7B09,127565,{39A63775-CF40-6356-E063-782F520A029D}
-8566290.86684016,4706030.21866168,ATE 0238,1747,Speed,3700 BLK MINNESOTA AVE NE NE/B,25,,Live,Active,38.89072,-76.9523,404138.40561303,135875.36620639,7.0,7F,7F02,127566,{39A63775-CF41-6356-E063-782F520A029D}
-8568860.12067076,4712396.63870306,ATE 0240,1411,Speed,3700 BLK S DAKOTA AVE NE SE/B,25,,Live,Active,38.93522,-76.97538,402134.76519112,140814.44036818,5.0,5B,5B07,127567,{39A63775-CF42-6356-E063-782F520A029D}
-8566209.04703869,4701653.43823229,ATE 0241,1716,Speed,3700 BLK SOUTHERN AVE SE SW/B,25,,Live,Active,38.860111,-76.951565,404203.97333958,132477.57120103,7.0,7B,7B06,127568,{39A63775-CF43-6356-E063-782F520A029D}
-8579699.74480824,4709762.88881635,ATE 0244,3201,Stop Sign,37TH ST S/B @ WHITEHAVEN PKWY NW,25,,Live,Active,38.916814,-77.072754,393690.71243801,138773.44407094,3.0,3B,3B02,127569,{39A63775-CF44-6356-E063-782F520A029D}
-8565808.85342553,4706572.28195199,ATE 0245,1727,Speed,3900 BLK BENNING RD NE SE/B,30,Portable,Live,Active,38.89451,-76.94797,404513.81549645,136296.2910644,7.0,7F,7F01,127570,{39A63775-CF45-6356-E063-782F520A029D}
-8565504.72860187,4705897.35324345,ATE 0247,1712,Speed,3900 BLK E CAPITOL ST SE E/B,35,,Live,Active,38.889791,-76.945238,404751.13211696,135772.58379095,7.0,7F,7F02,127571,{39A63775-CF46-6356-E063-782F520A029D}
-8574352.62440556,4713022.0507736,ATE 0248,1419,Speed,3900 BLK GEORGIA AVE NW S/B,25,Fixed,Live,Active,38.93959,-77.02472,397857.06834126,141299.5510714,4.0,4C,4C02,127572,{39A63775-CF47-6356-E063-782F520A029D}
-8565806.07040613,4702024.13822782,ATE 0253,1730,Speed,3900 BLK SOUTHERN AVE SE NE/B,25,Portable,Live,Active,38.862704,-76.947945,404517.99747939,132765.58587817,,,,127573,{39A63775-CF48-6356-E063-782F520A029D}
-8573367.11296222,4714930.86935143,ATE 0254,3505,Stop Sign,3RD ST N/B @ HAMILTON ST NW,20,,Live,Active,38.952926,-77.015867,398624.84274368,142779.79576189,4.0,4D,4D08,127574,{39A63775-CF49-6356-E063-782F520A029D}
-8573173.41699942,4706823.8719395,ATE 0256,1601,Speed,3RD ST TUNNEL NW N/B BY MA AVE,45,,Live,Active,38.896269,-77.014127,398774.69161977,136490.36263871,6.0,6E,6E08,127575,{39A63775-CF4A-6356-E063-782F520A029D}
-8573254.45755122,4707734.31125696,ATE 0257,1604,Speed,3RD ST TUNNEL NW S/B BY 3RD ST,45,,Live,Active,38.902634,-77.014855,398711.65378902,137196.93846354,6.0,6E,6E03,127576,{39A63775-CF4B-6356-E063-782F520A029D}
-8573548.74761179,4709416.36977895,ATE 0258,1117,Speed,400 BLK FLORIDA AVE NW NW/B,25,Portable,Live,Active,38.914392,-77.017441,398487.59188523,138502.21211444,1.0,1B,1B01,127577,{39A63775-CF4C-6356-E063-782F520A029D}
-8573742.05383817,4709236.21724084,ATE 0260,1503,Speed,400 BLK RHODE ISLAND AVE NW E/B,25,,Idle,Retired,38.913125,-77.019233,398331.96222449,138362.45903302,2,2G,2G03,127578,{39A63775-CF4D-6356-E063-782F520A029D}
-8565506.06446901,4705898.64035512,ATE 0264,1713,Speed,4000 BLK EAST CAPITOL ST NE W/B,35,,Live,Active,38.8898,-76.94525,404750.09044285,135773.58223647,7.0,7F,7F02,127579,{39A63775-CF4E-6356-E063-782F520A029D}
-8570592.14054747,4697994.34122185,ATE 0265,1810,Speed,4000 BLK WHEELER ROAD SE N/B,25,,Idle,Retired,38.834511,-76.990939,400786.89345528,129634.71608028,8.0,8E,8E04,127580,{39A63775-CF4F-6356-E063-782F520A029D}
-8571818.99270355,4716687.99832881,ATE 0272,1520,Speed,4200 BLK EASTERN AVE NE SE/B,25,,Live,Active,38.9652,-77.00196,399830.32366111,144142.20528309,4.0,4B,4B10,127581,{39A63775-CF50-6356-E063-782F520A029D}
-8573011.66977478,4697141.93203464,ATE 0274,1823,Speed,4200 BLK MLK JR AVE SW S/B,25,Portable,Live,Active,38.828546,-77.012674,398899.69313313,128972.59843901,8.0,8D,8D07,127582,{39A63775-CF51-6356-E063-782F520A029D}
-8564931.32190102,4702905.40910646,ATE 0278,1710,Speed,4200 BLK SOUTHERN AVE SE NE/B,25,,Live,Active,38.868868,-76.940087,405199.53781876,133450.25315554,7.0,7B,7B08,127583,{39A63775-CF52-6356-E063-782F520A029D}
-8580701.17495508,4709168.57938309,ATE 0283,1304,Speed,4300 BLK RESERVOIR RD NW E/B,25,,Live,Active,38.91266,-77.08175,392910.13604605,138312.9760422,3.0,3D,3D07,127584,{39A63775-CF53-6356-E063-782F520A029D}
-8572462.41932234,4696959.59863268,ATE 0284,1803,Speed,4300 BLK SOUTH CAPITOL ST SW S/B,30,,Live,Active,38.82727,-77.00774,399328.10396673,128830.90604543,8.0,8D,8D06,127585,{39A63775-CF54-6356-E063-782F520A029D}
-8565334.40976213,4704744.82913723,ATE 0285,1754,Speed,4300 BLK TEXAS AVE SE S/B,25,,Live,Active,38.881732,-76.943708,404884.42080413,134878.05353203,7.0,7F,7F05,127586,{39A63775-CF55-6356-E063-782F520A029D}
-8573012.22627245,4696798.84512318,ATE 0287,1807,Speed,4400 BLK MLK JR AVE SW S/B,25,,Idle,Retired,38.826145,-77.012679,398899.22195589,128706.07156395,8.0,8D,8D07,127587,{39A63775-CF56-6356-E063-782F520A029D}
-8565067.46556637,4705025.40428866,ATE 0290,1755,Speed,4400 BLK TEXAS AVE SE N/B,25,Portable,Live,Active,38.883694,-76.94131,405092.34575908,135095.98153443,7.0,7E,7E07,127588,{39A63775-CF57-6356-E063-782F520A029D}
-8564603.26333086,4705714.14772083,ATE 0291,1728,Speed,4500 BLK BENNING RD SE SE/B,25,Fixed,Live,Active,38.88851,-76.93714,405453.78208952,135630.8354504,7.0,7E,7E07,127589,{39A63775-CF58-6356-E063-782F520A029D}
-8581812.14344962,4713397.03027545,ATE 0297,1307,Speed,4600 BLK MASSACHUSETTS AVE NW NW/B,25,,Live,Active,38.94221,-77.09173,392047.88272123,141594.09956014,3.0,3E,3E06,127590,{39A63775-CF59-6356-E063-782F520A029D}
-8564973.95719738,4705453.86122186,ATE 0300,1729,Speed,4600 BLK TEXAS AVE SE N/B,25,Fixed,Live,Active,38.88669,-76.94047,405165.01036079,135428.60773028,7.0,7E,7E07,127591,{39A63775-CF5A-6356-E063-782F520A029D}
-8581904.53857557,4709380.31783243,ATE 0303,1308,Speed,4700 blk MacArthur Blvd NW s/b ,25,,Live,Active,38.91414,-77.09256,391972.76848836,138478.16329029,3.0,3D,3D06,127592,{39A63775-CF5B-6356-E063-782F520A029D}
-8581684.12597923,4709390.33256514,ATE 0304,1303,Speed,4700 BLK RESERVOIR RD NW SE/B,25,,Live,Active,38.91421,-77.09058,392144.4948846,138485.76161396,3.0,3D,3D06,127593,{39A63775-CF5C-6356-E063-782F520A029D}
-8564181.3624662,4704803.17445858,ATE 0308,1725,Speed,4800 BLK BENNING RD SE NW/B,30,Fixed,Live,Active,38.88214,-76.93335,405783.11039493,134923.94979072,7.0,7E,7E04,127594,{39A63775-CF5D-6356-E063-782F520A029D}
-8564264.85203978,4704887.54681152,ATE 0309,1726,Speed,4800 BLK BENNING RD SE SE/B,30,Fixed,Live,Active,38.88273,-76.9341,405717.98896013,134989.39704462,7.0,7E,7E07,127595,{39A63775-CF5E-6356-E063-782F520A029D}
-8579270.27412224,4714971.2366099,ATE 0311,1311,Speed,4800 BLK CONNECTICUT AVE NW S/B,25,Portable,Live,Active,38.953208,-77.068896,394028.34035797,142813.23439712,3.0,3F,3F04,127596,{39A63775-CF5F-6356-E063-782F520A029D}
-8570466.46099306,4714144.16807766,ATE 0313,1507,Speed,4800 BLK S DAKOTA AVE NE NW/B,25,,Live,Active,38.94743,-76.98981,400883.5182442,142169.61983919,5.0,5A,5A02,127597,{39A63775-CF60-6356-E063-782F520A029D}
-8575671.76028719,4714615.09361294,ATE 0317,1406,Speed,4900 BLK 16TH ST NW N/B,25,,Live,Active,38.95072,-77.03657,396830.2192741,142535.42521101,4.0,4E,4E06,127598,{39A63775-CF61-6356-E063-782F520A029D}
-8574640.94183317,4714529.20888572,ATE 0320,1412,Speed,4900 BLK GEORGIA AVE NW S/B,25,Fixed,Live,Active,38.95012,-77.02731,397632.8761972,142468.53893275,4.0,4E,4E04,127599,{39A63775-CF62-6356-E063-782F520A029D}
-8564142.84594965,4706253.33359419,ATE 0323,3703,Stop Sign,49TH ST S/B @ BLAINE ST NE,25,,Live,Active,38.89228,-76.933004,405812.30521361,136049.58996468,7.0,7F,7F04,127600,{39A63775-CF63-6356-E063-782F520A029D}
-8571673.38685652,4697159.93701934,ATE 0324,3807,Stop Sign,4TH ST N/B @ CHESAPEAKE ST SE,25,,Live,Active,38.828672,-77.000652,399943.57233186,128986.50906436,8.0,8D,8D03,127601,{39A63775-CF64-6356-E063-782F520A029D}
-8563635.00646026,4707868.77418425,ATE 0326,1756,Speed,5000 BLK SHERIFF ROAD NE W/B,25,,Live,Active,38.903574,-76.928442,406207.09063175,137303.61372433,7.0,7C,7C04,127602,{39A63775-CF65-6356-E063-782F520A029D}
-8563865.77173845,4704001.09939599,ATE 0327,1731,Speed,5000 BLK SOUTHERN AVE SE SW/B,25,Portable,Live,Active,38.876531,-76.930515,406029.56461836,134301.49180574,7.0,7E,7E02,127603,{39A63775-CF66-6356-E063-782F520A029D}
-8583133.50575518,4712475.34966716,ATE 0329,1203,Speed,5100 BLK LOUGHBORO RD NW W/B,25,,Live,Active,38.93577,-77.1036,391018.03178512,140880.30432647,3.0,3D,3D03,127604,{39A63775-CF67-6356-E063-782F520A029D}
-8563726.06570452,4704121.0705333,ATE 0330,1732,Speed,5100 BLK SOUTHERN AVE SE NE/B,25,Fixed,Live,Active,38.87737,-76.92926,406138.3917611,134394.71074295,7.0,7E,7E02,127605,{39A63775-CF68-6356-E063-782F520A029D}
-8575336.68860804,4715121.82814776,ATE 0331,1407,Speed,5200 BLK 14TH ST NW S/B,25,,Idle,Retired,38.95426,-77.03356,397091.27706365,142928.2971144,4.0,4E,4E03,127606,{39A63775-CF69-6356-E063-782F520A029D}
-8570615.62904432,4715479.70681002,ATE 0333,1508,Speed,5300 BLK EASTERN AVE NE SE/B,25,,Live,Active,38.95676,-76.99115,400767.2583903,143205.32239338,5.0,5A,5A01,127607,{39A63775-CF6A-6356-E063-782F520A029D}
-8571567.41068422,4715220.60141772,ATE 0335,1539,Speed,5400 BLK S DAKOTA AVE NE NW/B,25,Fixed,Live,Active,38.95495,-76.9997,400026.18928669,143004.358697,5.0,5A,5A01,127608,{39A63775-CF6B-6356-E063-782F520A029D}
-8579975.37182579,4716530.0819111,ATE 0336,1312,Speed,5500 BLK CONNECTICUT AVE NW S/B,25,Portable,Live,Active,38.964097,-77.07523,393480.31099393,144022.44677089,3.0,3/,3/4G06,127609,{39A63775-CF6C-6356-E063-782F520A029D}
-8562906.64297739,4705892.63366667,ATE 0337,1701,Speed,5500 BLK E CAPITOL ST SE E/B,30,,Live,Active,38.889758,-76.921899,406775.93909203,135770.39395959,7.0,7C,7C08,127610,{39A63775-CF6D-6356-E063-782F520A029D}
-8572621.27230999,4711028.59455819,ATE 0338,1417,Speed,5500 BLK NORTH CAPITOL ST NW S/B,25,Portable,Live,Active,38.92566,-77.009167,399205.29130008,139752.95014905,5.0,5E,5E05,127611,{39A63775-CF6E-6356-E063-782F520A029D}
-8562679.66252892,4705912.94234593,ATE 0340,1724,Speed,5600 BLK EAST CAPITOL ST NE W/B,30,Fixed,Live,Active,38.8899,-76.91986,406952.82128652,135786.31037349,7.0,7C,7C02,127612,{39A63775-CF6F-6356-E063-782F520A029D}
-8574744.46899022,4715887.70381963,ATE 0341,1413,Speed,5700 BLK GEORGIA AVE NW S/B,25,Fixed,Live,Active,38.95961,-77.02824,397552.58701873,143522.04010415,4.0,4E,4E01,127613,{39A63775-CF70-6356-E063-782F520A029D}
-8573082.46893586,4715813.2610511,ATE 0342,1405,Speed,5700 BLK KANSAS AVE NW SW/B,25,,Live,Active,38.95909,-77.01331,398846.58197304,143464.02079215,4.0,4B,4B06,127614,{39A63775-CF71-6356-E063-782F520A029D}
-8583880.4596201,4712247.8047918,ATE 0343,1306,Speed,5700 BLK MACARTHUR BLVD NW N/B,25,,Live,Active,38.93418,-77.11031,390436.05954986,140704.48221813,3.0,3D,3D03,127615,{39A63775-CF72-6356-E063-782F520A029D}
-8572263.15746483,4716128.21498392,ATE 0345,1409,Speed,5800 BLK NEW HAMPSHIRE AVE NE SW/B,25,,Live,Active,38.96129,-77.00595,399484.50375708,143708.17383785,4.0,4B,4B10,127616,{39A63775-CF73-6356-E063-782F520A029D}
-8573886.52962895,4709589.7714463,ATE 0349,1118,Speed,600 BLK FLORIDA AVE NW SE/B,25,Portable,Live,Active,38.915604,-77.020533,398219.46429339,138636.80994462,2.0,2G,2G01,127617,{39A63775-CF74-6356-E063-782F520A029D}
-8565860.72828845,4707210.06563336,ATE 0352,1719,Speed,600 BLK KENILWORTH AVE NE S/B,25,,Live,Active,38.898969,-76.948436,404473.11017994,136791.25240255,7.0,7D,7D03,127618,{39A63775-CF75-6356-E063-782F520A029D}
-8574087.68401969,4715806.10314822,ATE 0356,1410,Speed,600 BLK MISSOURI AVE NW SE/B,25,,Live,Active,38.95904,-77.02234,398063.93253782,143458.62316811,4.0,4D,4D01,127619,{39A63775-CF76-6356-E063-782F520A029D}
-8571080.94446746,4709069.86505152,ATE 0357,1523,Speed,600 BLK NEW YORK AVE NE E/B,35,,Live,Active,38.91197,-76.99533,400405.21186432,138233.21593742,5.0,5D,5D01,127620,{39A63775-CF77-6356-E063-782F520A029D}
-8573934.06301134,4707879.64569906,ATE 0358,1208,Speed,600 BLK NEW YORK AVE NW E/B,25,Fixed,Live,Active,38.90365,-77.02096,398182.12806513,137309.82653581,2.0,2G,2G06,127621,{39A63775-CF78-6356-E063-782F520A029D}
-8573841.66791009,4707865.34104,ATE 0359,1209,Speed,600 BLK NEW YORK AVE NW W/B,25,Fixed,Live,Active,38.90355,-77.02013,398254.11932437,137298.7095254,2.0,2G,2G06,127622,{39A63775-CF79-6356-E063-782F520A029D}
-8570968.51183525,4709155.7035613,ATE 0360,1525,Speed,600 BLK NEW YORK AVE NE W/B,35,Fixed,Live,Active,38.91257,-76.99432,400492.80430574,138299.82584493,5.0,5D,5D01,127623,{39A63775-CF7A-6356-E063-782F520A029D}
-8571262.39529608,4696572.36540255,ATE 0363,1817,Speed,600 BLK SOUTHERN AVE SE NE/B,30,Fixed,Live,Active,38.82456,-76.99696,400264.16603217,128530.05400718,8.0,8E,8E09,127624,{39A63775-CF7B-6356-E063-782F520A029D}
-8574698.82800489,4716414.54529963,ATE 0364,1415,Speed,6000 BLK GEORGIA AVE NW N/B,25,Fixed,Live,Active,38.96329,-77.02783,397588.24682235,143930.5433178,4.0,4B,4B05,127625,{39A63775-CF7C-6356-E063-782F520A029D}
-8574722.20502081,4716393.07028204,ATE 0365,1416,Speed,6000 BLK GEORGIA AVE NW S/B,25,Fixed,Live,Active,38.96314,-77.02804,397570.04166234,143913.89749069,4.0,4A,4A06,127626,{39A63775-CF7D-6356-E063-782F520A029D}
-8573310.67390655,4717431.08322475,ATE 0369,1408,Speed,6600 BLK BLAIR RD NW S/B,25,,Live,Active,38.97039,-77.01536,398669.11548175,144718.45435108,4.0,4B,4B07,127627,{39A63775-CF7E-6356-E063-782F520A029D}
-8572598.00651593,4707229.23270962,ATE 0375,1611,Speed,700 BLK N CAPITOL ST NE N/B,25,Portable,Live,Active,38.899103,-77.008958,399223.12489077,136804.90245424,6.0,6E,6E07,127628,{39A63775-CF7F-6356-E063-782F520A029D}
-8562687.12090369,4707506.44351634,ATE 0381,1715,Speed,800 BLK EASTERN AVE NE E/B,25,,Live,Active,38.901041,-76.919927,406945.92385949,137023.0438524,7.0,7C,7C06,127629,{39A63775-CF80-6356-E063-782F520A029D}
-8564959.93092626,4703902.14930857,ATE 0383,1720,Speed,800 BLK RIDGE RD  SE NW/B,25,,Live,Active,38.875839,-76.940344,405176.72925163,134224.07136452,7.0,7E,7E01,127630,{39A63775-CF81-6356-E063-782F520A029D}
-8574486.20770918,4716366.87079255,ATE 0386,3410,Stop Sign,9TH ST S/B @ PEABODY ST NW,20,,Live,Active,38.962957,-77.02592,397753.77006905,143893.528481,4.0,4B,4B05,127631,{39A63775-CF82-6356-E063-782F520A029D}
-8570619.97050118,4697704.38551116,ATE 0387,3809,Stop Sign,9TH ST SE/B @ BARNABY ST SE,20,,Live,Active,38.832482,-76.991189,400765.209319,129409.48126974,8.0,8E,8E06,127632,{39A63775-CF83-6356-E063-782F520A029D}
-8576435.74598467,4713759.57130763,ATE 0393,3403,Stop Sign,BLAGDEN AVE NE/B @ ALLISON ST NW,25,,Live,Active,38.944743,-77.043433,396235.00390138,141872.18529837,4.0,4E,4E06,127633,{39A63775-CF84-6356-E063-782F520A029D}
-8569724.96171817,4700323.71866927,ATE 0395,3801,Stop Sign,BRUCE PL E/B @ 15TH PL SE,25,,Live,Active,38.850809,-76.983149,401462.91445346,131444.00263176,8.0,8C,8C03,127634,{39A63775-CF85-6356-E063-782F520A029D}
-8577301.47760698,4710678.02727104,ATE 0403,2306,Red Light,CONNECTICUT AVE N/B @ CALVERT ST NW,25,,Live,Active,38.92321,-77.05121,395559.47926275,139482.18506858,3.0,3C,3C01,127635,{39A63775-CF86-6356-E063-782F520A029D}
-8579469.09080885,4715412.85406778,ATE 0406,2305,Red Light,CONNECTICUT AVE S/B @ NEBRASKA AVE NW,30,,Live,Active,38.956293,-77.070682,393873.79661662,143155.81582137,3.0,3F,3F06,127636,{39A63775-CF87-6356-E063-782F520A029D}
-8575289.3778248,4706244.17998578,ATE 0408,2221,Red Light,CONSTITUTION AVE W/B @ 15TH ST NW,30,,Live,Active,38.892216,-77.033135,397125.61507946,136040.87460809,2.0,2C,2C03,127637,{39A63775-CF88-6356-E063-782F520A029D}
-8566041.51120144,4707007.09757604,ATE 0413,1707,Speed,DC295 .7 MILES S/O EASTERN AVE NE S/b,50,,Live,Active,38.89755,-76.95006,404332.32232717,136633.65381667,7.0,7D,7D03,127638,{39A63775-CF89-6356-E063-782F520A029D}
-8566190.79065669,4706794.12146366,ATE 0416,1706,Speed,DC295 NE AT BENNING RD EXIT N/B,50,,Live,Active,38.896061,-76.951401,404216.08284182,136468.30025168,7.0,7D,7D03,127639,{39A63775-CF8A-6356-E063-782F520A029D}
-8573465.63062046,4696263.16092135,ATE 0418,1802,Speed,DC295 SW 0.05 MILE S/O EXIT 1 N/B,50,,Live,Active,38.822396,-77.016752,398545.47210564,128289.96490427,8.0,8D,8D04,127640,{39A63775-CF8B-6356-E063-782F520A029D}
-8581204.11634332,4715145.87721399,ATE 0429,3302,Stop Sign,FESSENDEN ST E/B @ 44TH ST NW,25,,Live,Active,38.954428,-77.086268,392522.67878054,142949.94518981,3.0,3E,3E03,127641,{39A63775-CF8C-6356-E063-782F520A029D}
-8570721.49385683,4704185.27498775,ATE 0444,2601,Red Light,I-695 OFF RAMP E/B @ 11TH ST SE,35,,Live,Active,38.877819,-76.992101,400685.58869214,134442.20464258,6.0,6B,6B04,127642,{39A63775-CF8D-6356-E063-782F520A029D}
-8573349.6357574,4705563.98159632,ATE 0447,2603,Red Light,INDEPENDENCE AVE E/B @ 3RD ST SW,30,,Live,Active,38.88746,-77.01571,398637.2006253,135512.51709914,6.0,6D,6D02,127643,{39A63775-CF8E-6356-E063-782F520A029D}
-8574167.72270621,4713926.03251036,ATE 0452,3401,Stop Sign,KANSAS AVE NE/B @ BUCHANAN ST NW,30,,Live,Active,38.945906,-77.023059,398001.24701992,142000.64541084,4.0,4D,4D06,127644,{39A63775-CF8F-6356-E063-782F520A029D}
-8573494.90773013,4715600.81582027,ATE 0455,3402,Stop Sign,LONGFELLOW ST W/B @ MISSOURI AVE NW,20,,Live,Active,38.957606,-77.017015,398525.43153678,143299.3364692,4.0,4B,4B06,127645,{39A63775-CF90-6356-E063-782F520A029D}
-8579376.58428056,4708087.78095369,ATE 0456,2208,Red Light,M ST W/B @ WHITEHURST FRWY NW,25,,Live,Active,38.905105,-77.069851,393941.47580493,137473.45263548,2.0,2E,2E05,127646,{39A63775-CF91-6356-E063-782F520A029D}
-8571609.71201314,4699494.84057472,ATE 0458,1806,Speed,MALCOLM X AVE E/B @ OAKWOOD ST SE,25,,Idle,Retired,38.84501,-77.00008,399993.24105387,130800.13805044,8.0,8C,8C04,127647,{39A63775-CF92-6356-E063-782F520A029D}
-8571079.49734905,4699499.41425162,ATE 0459,3806,Stop Sign,MALCOLM X AVE W/B @ 7TH ST SE,30,,Live,Active,38.845042,-76.995317,400406.72030839,130803.70068819,8.0,8C,8C03,127648,{39A63775-CF93-6356-E063-782F520A029D}
-8565929.30106258,4703490.7729407,ATE 0460,3702,Stop Sign,MASSACHUSETTS AVE E/B @ FORT DAVIS,25,,Live,Active,38.872962,-76.949052,404421.28636143,133904.24511609,7.0,7B,7B07,127649,{39A63775-CF94-6356-E063-782F520A029D}
-8575228.70872352,4716216.97653198,ATE 0462,1402,Speed,MILITARY RD W/B @ 14TH ST NW,30,,Live,Active,38.96191,-77.03259,397175.6577784,143777.48701638,4.0,4E,4E02,127650,{39A63775-CF95-6356-E063-782F520A029D}
-8572610.58562822,4707439.07102061,ATE 0472,2604,Red Light,N CAPITOL ST S/B @ H ST NW,25,,Live,Active,38.90057,-77.009071,399213.33889808,136967.75214292,6.0,6E,6E07,127651,{39A63775-CF96-6356-E063-782F520A029D}
-8572549.24865112,4708451.84916873,ATE 0478,1526,Speed,NEW YORK AVE SW/B @ N CAPITOL ST NE,25,,Live,Active,38.90765,-77.00852,399261.20774479,137753.6847067,5.0,5F,5F07,127652,{39A63775-CF97-6356-E063-782F520A029D}
-8572080.03693485,4708663.42957564,ATE 0479,2505,Red Light,NEW YORK AVE W/B @ FLORIDA AVE NE,30,,Live,Active,38.909129,-77.004305,399626.80159522,137917.84008863,5.0,5F,5F06,127653,{39A63775-CF98-6356-E063-782F520A029D}
-8573361.88087297,4708089.92677509,ATE 0484,2605,Red Light,NEW YORK AVE W/B @ 4TH ST NW,25,Fixed,Live,Active,38.90512,-77.01582,398627.99689873,137472.91858807,2.0,2G,2G06,127654,{39A63775-CF99-6356-E063-782F520A029D}
-8568556.10718743,4709776.90999425,ATE 0485,2501,Red Light,NY AVE W/B @ BLADENSBURG RD NE,40,Fixed,Live,Active,38.916912,-76.972649,402372.15453129,138782.16380691,5.0,5C,5C04,127655,{39A63775-CF9A-6356-E063-782F520A029D}
-8568140.9966977,4703453.31093492,ATE 0488,2705,Red Light,PENNSYLVANIA AVE SE/B @ 27TH ST SE,30,,Live,Active,38.8727,-76.96892,402697.2164574,133874.38660688,7.0,7B,7B03,127656,{39A63775-CF9B-6356-E063-782F520A029D}
-8565717.57144769,4702192.26578213,ATE 0490,2704,Red Light,PENNSYLVANIA E/B @ SOUTHERN AVE SE,25,,Live,Active,38.86388,-76.94715,404586.91930766,132896.17006786,7.0,7B,7B06,127657,{39A63775-CF9C-6356-E063-782F520A029D}
-8577496.17538694,4707099.3552332,ATE 0492,1205,Speed,POTOMAC RIVER FWY NW/B @ 25TH ST NW,40,,Live,Active,38.898195,-77.052959,395406.20266188,136705.40172711,2.0,2A,2A04,127658,{39A63775-CF9D-6356-E063-782F520A029D}
-8572636.07782055,4704541.19536613,ATE 0498,2602,Red Light,S CAPITOL RAMP S/B BEFORE I ST SW,30,,Live,Active,38.880308,-77.0093,399193.24552575,134718.5140031,6.0,6D,6D02,127659,{39A63775-CF9E-6356-E063-782F520A029D}
-8573755.50656939,4709363.14968194,ATE 0501,3202,Stop Sign,S ST E/B @ 5TH ST NW,25,,Idle,Retired,38.91402,-77.019356,398321.50217893,138460.95051152,2.0,2G,2G01,127660,{39A63775-CF9F-6356-E063-782F520A029D}
-8570059.36558408,4700895.21084463,ATE 0505,3808,Stop Sign,STANTON RD S/B @ ELVANS RD SE,25,,Live,Active,38.854807,-76.986153,401202.08894289,131887.76514571,8.0,8B,8B06,127661,{39A63775-CFA0-6356-E063-782F520A029D}
-8569666.96427435,4700736.53932117,ATE 0508,1805,Speed,SUITLAND PKWY W/B @ STANTON RD SE,35,,Live,Active,38.853697,-76.982628,401508.07816119,131764.5995564,8.0,8B,8B03,127662,{39A63775-CFA1-6356-E063-782F520A029D}
-8573535.9118942,4709416.37224158,ATE 0512,1504,Speed,UNIT BLK FLORIDA AVE NE NW/B,25,,Live,Active,38.914392,-77.017441,398487.59188523,138502.21211444,1.0,1B,1B01,127663,{39A63775-CFA2-6356-E063-782F520A029D}
-8572785.24592795,4708986.88853388,ATE 0513,1530,Speed,UNIT BLK FLORIDA AVE NW SE/B,25,,Live,Active,38.91139,-77.01064,399077.37891007,138168.87461281,5.0,5E,5E02,127664,{39A63775-CFA3-6356-E063-782F520A029D}
-8572386.61086045,4715248.51575412,ATE 0516,1558,Speed,UNIT BLK RIGGS RD NE NE/B,25,Portable,Live,Active,38.955145,-77.007059,399388.33472128,143026.0291065,5.0,5A,5A07,127665,{39A63775-CFA4-6356-E063-782F520A029D}
-8572320.70970355,4715289.02750592,ATE 0517,1557,Speed,UNIT BLK RIGGS RD NE SW/B,25,Portable,Live,Active,38.955428,-77.006467,399439.64960685,143057.44089166,4.0,4B,4B08,127666,{39A63775-CFA5-6356-E063-782F520A029D}
-8574467.61733734,4707845.74369736,ATE 0521,1211,Speed,900 BLK MASSACHUSETTS AVE NW E/B,25,Portable,Live,Active,38.903413,-77.025753,397766.37867086,137283.62400398,2.0,2C,2C04,127667,{39A63775-CFA6-6356-E063-782F520A029D}
-8579002.43946618,4712781.6131216,ATE 0522,1315,Speed,3600 BLK 34TH ST NW S/B,25,Fixed,Live,Active,38.93791,-77.06649,394235.65339177,141114.86551718,3.0,3C,3C08,127668,{39A63775-CFA7-6356-E063-782F520A029D}
-8572598.22923796,4715654.3561909,ATE 0523,1421,Speed,5600 BLK NORTH CAPITOL ST NE N/B,25,Fixed,Live,Active,38.95798,-77.00896,399223.59304063,143340.75456802,4.0,4B,4B08,127669,{39A63775-CFA8-6356-E063-782F520A029D}
-8569640.47028025,4711057.21294158,ATE 0524,1535,Speed,1500 BLK RHODE ISLAND AVE NE NE/B,25,Fixed,Live,Active,38.92586,-76.98239,401527.19147789,139775.25917395,5.0,5C,5C07,127670,{39A63775-CFA9-6356-E063-782F520A029D}
-8571029.73758684,4714665.19344482,ATE 0525,1538,Speed,5100 BLK S DAKOTA AVE NE SE/B,25,Fixed,Live,Active,38.95107,-76.99487,400444.86352075,142573.65585181,5.0,5A,5A09,127671,{39A63775-CFAA-6356-E063-782F520A029D}
-8573141.91354285,4707796.3928731,ATE 0526,1612,Speed,1000 BLK NEW JERSEY AVE NW N/B,25,Portable,Live,Active,38.903068,-77.013844,398799.35588632,137245.10217019,6.0,6E,6E03,127672,{39A63775-CFAB-6356-E063-782F520A029D}
-8563191.95481966,4708013.538503,ATE 0527,1733,Speed,1000 BLK EASTERN AVE NE SE/B,25,Portable,Live,Active,38.904586,-76.924462,406552.22077871,137416.23198421,7.0,7C,7C04,127673,{39A63775-CFAC-6356-E063-782F520A029D}
-8567256.00679857,4703762.16213361,ATE 0528,1734,Speed,1200 BLK BRANCH AVE SE N/B,25,Fixed,Live,Active,38.87486,-76.96097,403386.99139707,134114.42764894,7.0,7B,7B07,127674,{39A63775-CFAD-6356-E063-782F520A029D}
-8563933.12001338,4708759.85106608,ATE 0529,1736,Speed,1400 BLK EASTERN AVE NE SE/B,25,Portable,Live,Active,38.909803,-76.93112,405974.28059682,137994.90447999,7.0,7C,7C07,127675,{39A63775-CFAE-6356-E063-782F520A029D}
-8564121.80652938,4708976.01586202,ATE 0530,1737,Speed,1600 BLK EASTERN AVE NE NW/B,25,Portable,Live,Active,38.911314,-76.932815,405827.14658035,138162.52827641,7.0,7C,7C07,127676,{39A63775-CFAF-6356-E063-782F520A029D}
-8564197.1698594,4709028.23372917,ATE 0531,1738,Speed,1600 BLK EASTERN AVE NE SE/B,25,Portable,Live,Active,38.911679,-76.933492,405768.4008074,138203.00327342,7.0,7C,7C07,127677,{39A63775-CFB0-6356-E063-782F520A029D}
-8568309.08912288,4703531.95274989,ATE 0532,1741,Speed,2500 BLK PENNSYLVANIA AVE SE SE/B,25,Fixed,Live,Active,38.87325,-76.97043,402566.16335282,133935.39718633,7.0,7B,7B03,127678,{39A63775-CFB1-6356-E063-782F520A029D}
-8568054.16752383,4701551.79470321,ATE 0533,1742,Speed,2700 BLK NAYLOR ROAD SE N/B,25,Fixed,Live,Active,38.8594,-76.96814,402765.41778323,132398.01243337,7.0,7B,7B02,127679,{39A63775-CFB2-6356-E063-782F520A029D}
-8568058.06370812,4701405.26409202,ATE 0534,1743,Speed,2700 BLK NAYLOR ROAD SE S/B,25,Portable,Live,Active,38.858375,-76.968175,402762.41968514,132284.22899618,8.0,8B,8B02,127680,{39A63775-CFB3-6356-E063-782F520A029D}
-8566064.88829691,4706479.31392224,ATE 0536,1748,Speed,3900 BLK MINNESOTA AVE NE SW/B,25,Fixed,Live,Active,38.89386,-76.95027,404314.32863003,136224.02475197,7.0,7F,7F01,127681,{39A63775-CFB4-6356-E063-782F520A029D}
-8565319.2702698,4706402.93767019,ATE 0537,1749,Speed,4100 BLK BENNING RD NE NW/B,30,Portable,Live,Active,38.893326,-76.943572,404895.42546881,136165.08440281,7.0,7F,7F01,127682,{39A63775-CFB5-6356-E063-782F520A029D}
-8565542.79985153,4707274.57571011,ATE 0538,1750,Speed,4100 BLK MINNESOTA AVE NE NE/B,25,Fixed,Live,Active,38.89942,-76.94558,404720.82430195,136841.46079868,7.0,7C,7C09,127683,{39A63775-CFB6-6356-E063-782F520A029D}
-8565431.48033894,4707430.48869375,ATE 0539,1751,Speed,4100 BLK MINNESOTA AVE NE SW/B,25,Fixed,Live,Active,38.90051,-76.94458,404807.4953846,136962.51167266,7.0,7D,7D03,127684,{39A63775-CFB7-6356-E063-782F520A029D}
-8572296.21935942,4696568.93606193,ATE 0541,1824,Speed,4500 BLK SOUTH CAPITOL ST SE N/B,25,Portable,Live,Active,38.824536,-77.006247,399457.72379599,128527.40403194,8.0,8D,8D06,127685,{39A63775-CFB8-6356-E063-782F520A029D}
-8572212.39579013,4696427.62108483,ATE 0542,1825,Speed,4600 BLK SOUTH CAPITOL ST SW S/B,30,Portable,Live,Active,38.823547,-77.005494,399523.10440183,128417.61431759,8.0,8D,8D04,127686,{39A63775-CFB9-6356-E063-782F520A029D}
-8571080.38789908,4696773.55341241,ATE 0543,1826,Speed,700 BLK SOUTHERN AVE SE SW/B,30,Portable,Live,Active,38.825968,-76.995325,400406.13420858,128686.35729862,8.0,8E,8E08,127687,{39A63775-CFBA-6356-E063-782F520A029D}
-8570375.30548299,4697476.56519143,ATE 0544,1827,Speed,900 BLK SOUTHERN AVE SE NE/B,30,Fixed,Live,Active,38.83088,-76.988989,400956.06217029,129232.53061177,8.0,8E,8E08,127688,{39A63775-CFBB-6356-E063-782F520A029D}
-8562227.7053566,4705605.45582705,ATE 0545,1757,Speed,5900 BLK SOUTHERN AVE SE NE/B,25,Fixed,Live,Active,38.88775,-76.9158,407305.27115566,135547.96080168,,,,127689,{39A63775-CFBC-6356-E063-782F520A029D}
-8577204.62973212,4708101.37074721,ATE 0547,1214,Speed,2300 BLK M ST NW W/B,25,,Live,Active,38.9052,-77.05034,395633.81933118,137482.88429482,2.0,2A,2A06,127690,{39A63775-CFBD-6356-E063-782F520A029D}
-8575918.88962166,4708297.35105908,ATE 0548,1540,Speed,1700 BLK RHODE ISLAND AVE NW W/B,25,Fixed,Live,Active,38.90657,-77.03879,396635.70223601,137634.4763058,2.0,2B,2B05,127691,{39A63775-CFBE-6356-E063-782F520A029D}
-8569663.84744134,4707510.59158641,ATE 0549,1541,Speed,800 BLK BLADENSBURG RD NE N/B,25,Fixed,Live,Active,38.90107,-76.9826,401509.50633713,137023.36084593,5.0,5D,5D07,127692,{39A63775-CFBF-6356-E063-782F520A029D}
-8567743.58613485,4710914.12235023,ATE 0551,1561,Speed,2700 BLK BLADENSBURG RD NE N/B,25,Fixed,Live,Active,38.92486,-76.96535,403004.81285898,139664.67357658,5.0,5C,5C04,127693,{39A63775-CFC0-6356-E063-782F520A029D}
-8567819.28346292,4710879.78090465,ATE 0552,1562,Speed,2700 BLK BLADENSBURG RD NE S/B,25,Fixed,Live,Active,38.92462,-76.96603,402945.85751701,139638.00937922,5.0,5C,5C02,127694,{39A63775-CFC1-6356-E063-782F520A029D}
-8569640.47029371,4709717.96391446,ATE 0553,1545,Speed,1500 BLK NEW YORK AVE NE NE/B,35,Fixed,Live,Active,38.9165,-76.98239,401527.39189073,138736.22036281,5.0,5D,5D02,127695,{39A63775-CFC2-6356-E063-782F520A029D}
-8569672.75291571,4709735.13267149,ATE 0554,1546,Speed,1500 BLK NEW YORK AVE NE SW/B,35,Fixed,Live,Active,38.91662,-76.98268,401502.2394671,138749.53655079,5.0,5D,5D02,127696,{39A63775-CFC3-6356-E063-782F520A029D}
-8570064.70890512,4708867.28910619,ATE 0555,2508,Red Light,MT. OLIVET RD SE/B @ W. VIRGINIA AVE NE,25,,Live,Active,38.910554,-76.986201,401196.98731755,138076.10837477,5.0,5D,5D05,127697,{39A63775-CFC4-6356-E063-782F520A029D}
-8569632.67792108,4711101.57141638,ATE 0556,1536,Speed,1600 BLK RHODE ISLAND AVE NE SW/B,25,Fixed,Live,Active,38.92617,-76.98232,401533.25468184,139809.6729882,5.0,5B,5B03,127698,{39A63775-CFC5-6356-E063-782F520A029D}
-8569934.35368766,4704512.88138673,ATE 0557,1610,Speed,1400 BLK PENNSYLVANIA AVE SE SE/B,25,,Live,Active,38.88011,-76.98503,401299.10345201,134696.59984934,6.0,6B,6B09,127699,{39A63775-CFC6-6356-E063-782F520A029D}
-8568183.29818997,4703509.07511121,ATE 0558,1740,Speed,2500 BLK PENNSYLVANIA AVE SE NW/B,25,,Live,Active,38.87309,-76.9693,402664.22662422,133917.66835909,7.0,7B,7B01,127700,{39A63775-CFC7-6356-E063-782F520A029D}
-8566961.01009039,4704818.90485381,ATE 0559,1744,Speed,3300 BLK MINNESOTA AVE SE N/B,25,,Live,Active,38.88225,-76.95832,403616.56905007,134934.87518836,7.0,7F,7F06,127701,{39A63775-CFC8-6356-E063-782F520A029D}
-8570165.67569534,4701586.96239283,ATE 0560,1820,Speed,1400 BLK MORRIS RD SE SE/B,25,,Live,Active,38.859646,-76.987108,401119.12023987,132424.91671632,8.0,8A,8A04,127702,{39A63775-CFC9-6356-E063-782F520A029D}
-8572783.01946193,4707404.74136248,ATE 0561,1607,Speed,UNIT BLK H ST NW W/B,25,,Live,Active,38.90033,-77.01062,399078.97065347,136941.12471685,6.0,6E,6E07,127703,{39A63775-CFCA-6356-E063-782F520A029D}
-8576104.79313637,4708944.68521078,ATE 0562,7201,Truck Restriction,1700 BLK Q ST NW E/B,25,,Live,Active,38.911095,-77.04046,396491.07600784,138136.85110342,2.0,2B,2B07,127704,{39A63775-CFCB-6356-E063-782F520A029D}
-8574722.98431275,4717706.56810894,ATE 0563,7401,Truck Restriction,1100 BLK ASPEN ST NW W/B,25,,Live,Active,38.972314,-77.028047,397569.74790326,144932.29802552,4.0,4A,4A03,127705,{39A63775-CFCC-6356-E063-782F520A029D}
-8570498.52092114,4712954.64184023,ATE 0564,7501,Truck Restriction,4000 BLK 12TH ST NE N/B,25,,Live,Active,38.939119,-76.990098,400858.65267993,141247.02225112,5.0,5B,5B05,127706,{39A63775-CFCD-6356-E063-782F520A029D}
-8570304.82504352,4713349.94233794,ATE 0565,7502,Truck Restriction,4200 BLK 13TH ST NE S/B,25,,Live,Active,38.941881,-76.988358,401009.46510736,141553.64642377,5.0,5B,5B05,127707,{39A63775-CFCE-6356-E063-782F520A029D}
-8570366.94132165,4713949.50623839,ATE 0566,7503,Truck Restriction,4600 BLK SARGENT RD NE S/B,25,,Live,Active,38.94607,-76.988916,400961.03400814,142018.65668345,5.0,5A,5A03,127708,{39A63775-CFCF-6356-E063-782F520A029D}
-8572311.02491197,4708946.83120159,ATE 0567,7504,Truck Restriction,UNIT BLK Q ST NE W/B,20,,Live,Active,38.91111,-77.00638,399446.84652122,138137.75786113,5.0,5F,5F07,127709,{39A63775-CFD0-6356-E063-782F520A029D}
-8570793.85148829,4706225.1579031,ATE 0568,7601,Truck Restriction,1000 BLK CONSTITUTION AVE NE E/B,25,,Live,Active,38.892083,-76.992751,400629.06195936,136025.61376597,6.0,6A,6A07,127710,{39A63775-CFD1-6356-E063-782F520A029D}
-8573754.61609344,4713635.04929061,ATE 0569,3406,Stop Sign,5TH ST N/B @ WEBSTER ST NW,25,,Live,Active,38.943873,-77.019348,398322.8984337,141774.889554,4.0,4C,4C05,127711,{39A63775-CFD2-6356-E063-782F520A029D}
-8572369.24492748,4710010.12258971,ATE 0570,3501,Stop Sign,LINCOLN RD S/B @ V ST NE,25,,Live,Active,38.918542,-77.006903,399401.5489585,138962.7747846,5.0,5E,5E06,127712,{39A63775-CFD3-6356-E063-782F520A029D}
-8570843.27737036,4705907.6506474,ATE 0571,3602,Stop Sign,EAST CAPITOL ST E/B @ 10TH ST SE,25,,Live,Active,38.889863,-76.993195,400590.56178192,135779.17345285,6.0,6A,6A07,127713,{39A63775-CFD4-6356-E063-782F520A029D}
-8563421.82955678,4704632.85872341,ATE 0572,3704,Stop Sign,FITCH ST W/B @ 53RD ST SE,25,,Live,Active,38.880949,-76.926527,406375.21807602,134792.19407605,7.0,7E,7E03,127714,{39A63775-CFD5-6356-E063-782F520A029D}
-8565583.09756013,4707626.31301631,ATE 0573,3705,Stop Sign,KENILWORTH TERR NE/B @ JAY ST NE,25,,Live,Active,38.901879,-76.945942,404689.26114263,137114.41078149,7.0,7D,7D03,127715,{39A63775-CFD6-6356-E063-782F520A029D}
-8575225.36920989,4711500.80657934,ATE 0574,1121,Speed,3100 BLK 14TH ST NW N/B,25,,Live,Active,38.92896,-77.03256,397176.95314206,140119.74197719,1.0,1A,1A06,127716,{39A63775-CFD7-6356-E063-782F520A029D}
-8575255.42544549,4711675.38738054,ATE 0575,1122,Speed,3100 BLK 14TH ST NW S/B,25,,Live,Active,38.93018,-77.03283,397153.59052083,140255.18084079,1.0,1A,1A05,127717,{39A63775-CFD8-6356-E063-782F520A029D}
-8575146.33234742,4710399.01282594,ATE 0576,1123,Speed,2400 BLK 14TH ST NW N/B,25,,Live,Active,38.92126,-77.03185,397238.21802524,139264.95483454,1.0,1B,1B03,127718,{39A63775-CFD9-6356-E063-782F520A029D}
-8575170.82257439,4710440.50688595,ATE 0577,1124,Speed,2400 BLK 14TH ST NW S/B,25,,Live,Active,38.92155,-77.03207,397219.15137764,139297.15395585,1.0,1B,1B06,127719,{39A63775-CFDA-6356-E063-782F520A029D}
-8575145.21916334,4709467.58970516,ATE 0578,1125,Speed,1800 BLK 14TH ST NW N/B,25,,Live,Active,38.91475,-77.03184,397238.83313529,138542.2901734,1.0,1B,1B08,127720,{39A63775-CFDB-6356-E063-782F520A029D}
-8575168.59616229,4709486.18865271,ATE 0579,1126,Speed,1800 BLK 14TH ST NW S/B,25,,Live,Active,38.91488,-77.03205,397220.62576198,138556.72762397,2.0,2F,2F01,127721,{39A63775-CFDC-6356-E063-782F520A029D}
-8574049.83527211,4708810.92331761,ATE 0580,1212,Speed,1500 BLK 7TH ST NW N/B,25,,Live,Active,38.91016,-77.022,398092.09325607,138032.51067821,2.0,2G,2G02,127722,{39A63775-CFDD-6356-E063-782F520A029D}
-8574049.83532995,4708883.88417598,ATE 0581,1213,Speed,1500 BLK 7TH ST NW S/B,25,,Live,Active,38.91067,-77.022,398092.106901,138089.12485967,2.0,2G,2G02,127723,{39A63775-CFDE-6356-E063-782F520A029D}
-8579534.54670352,4717660.17616143,ATE 0582,1422,Speed,6200 BLK WESTERN AVE NW NE/B,25,,Live,Active,38.97199,-77.07127,393824.19193925,144898.36850257,3.0,3/,3/4G04,127724,{39A63775-CFDF-6356-E063-782F520A029D}
-8566374.35644533,4702362.39767603,ATE 0584,1760,Speed,3700 BLK ALABAMA AVE SE SW/B,25,,Live,Active,38.86507,-76.95305,404074.80360952,133027.98886361,7.0,7B,7B02,127725,{39A63775-CFE0-6356-E063-782F520A029D}
-8576766.03089051,4709447.56004842,ATE 0585,2209,Red Light,CONNECTICUT AVE S/B @ FLORIDA AVE NW,25,,Live,Active,38.91461,-77.0464,395976.09609107,138527.29016187,2.0,2D,2D02,127726,{39A63775-CFE1-6356-E063-782F520A029D}
-8569264.21037776,4708376.03043738,ATE 0586,2509,Red Light,BLADENSBURG RD S/B @ 17TH ST NE,30,,Live,Active,38.90712,-76.97901,401820.75766385,137695.02515356,5.0,5D,5D08,127727,{39A63775-CFE2-6356-E063-782F520A029D}
-8570602.27069459,4704205.43734104,ATE 0588,2802,Red Light,SOUTHEAST BLVD W/B @ 11TH ST SE,30,,Live,Active,38.87796,-76.99103,400778.51870167,134457.86529301,6.0,6B,6B08,127728,{39A63775-CFE3-6356-E063-782F520A029D}
-8573737.02760462,4707529.187098,ATE 0589,1210,Speed,500 BLK MASSACHUSETTS AVE NW E/B,25,,Live,Active,38.9012,-77.01919,398335.59963722,137037.82307452,2.0,2C,2C01,127729,{39A63775-CFE4-6356-E063-782F520A029D}
-8574698.82795082,4715254.95755137,ATE 0590,1420,Speed,5400 BLK GEORGIA AVE NW N/B,25,,Live,Active,38.95519,-77.02783,397587.97268229,143031.36859223,4.0,4D,4D03,127730,{39A63775-CFE5-6356-E063-782F520A029D}
-8575664.63590641,4714922.99628632,ATE 0591,2403,Red Light,16TH ST S/B @ COLORADO AVE NW,30,,Live,Active,38.952871,-77.036506,396835.86242542,142774.2034776,4.0,4E,4E06,127731,{39A63775-CFE6-6356-E063-782F520A029D}
-8575216.46363909,4716215.54487638,ATE 0592,2405,Red Light,MILITARY RD W/B @ 14TH ST NW,30,,Live,Active,38.9619,-77.03248,397185.19092477,143776.37352562,4.0,4E,4E02,127732,{39A63775-CFE7-6356-E063-782F520A029D}
-8572551.92021994,4708452.56439766,ATE 0593,2507,Red Light,NEW YORK AVE SW/B @ N CAPITOL ST NE,25,,Live,Active,38.907655,-77.008544,399259.12616769,137754.23994203,5.0,5F,5F07,127733,{39A63775-CFE8-6356-E063-782F520A029D}
-8569708.93170822,4700722.38759815,ATE 0594,2801,Red Light,SUITLAND PKWY W/B @ STANTON RD SE,35,,Live,Active,38.853598,-76.983005,401475.35655021,131753.60369394,8.0,8B,8B03,127734,{39A63775-CFE9-6356-E063-782F520A029D}
-8575145.10780973,4707645.90991271,ATE 0595,2207,Red Light,14TH ST N/B @ K ST NW,25,,Live,Active,38.902016,-77.031839,397238.42681192,137128.71230263,2.0,2C,2C01,127735,{39A63775-CFEA-6356-E063-782F520A029D}
-8575171.93580411,4709840.14869711,ATE 0596,2222,Red Light,14TH ST S/B @ U ST NW,25,,Live,Active,38.917354,-77.03208,397218.12050583,138831.36309989,1.0,1B,1B07,127736,{39A63775-CFEB-6356-E063-782F520A029D}
-8568558.55615803,4709777.05302014,ATE 0597,2503,Red Light,BLADENSBURG RD N/B @ NY AVE NE,30,,Live,Active,38.916913,-76.972671,402370.24658594,138782.27424388,5.0,5C,5C04,127737,{39A63775-CFEC-6356-E063-782F520A029D}
-8567021.45662838,4701866.44962438,ATE 0598,2703,Red Light,BRANCH AVE N/B @ ALABAMA AVE SE,25,,Live,Active,38.861601,-76.958863,403570.48829777,132642.66123684,7.0,7B,7B06,127738,{39A63775-CFED-6356-E063-782F520A029D}
-8579726.68405028,4716046.89866696,ATE 0599,2310,Red Light,CONNECTICUT AVE N/B @ MILITARY NW,30,,Live,Active,38.960722,-77.072996,393673.62296883,143647.6333144,3.0,3/,3/4G07,127739,{39A63775-CFEE-6356-E063-782F520A029D}
-8578228.88030584,4712673.84737142,ATE 0600,2304,Red Light,CONNECTICUT AVE S/B @ PORTER ST NW,30,,Live,Active,38.937157,-77.059541,394838.06137658,141030.86004935,3.0,3C,3C05,127740,{39A63775-CFEF-6356-E063-782F520A029D}
-8564712.35642985,4705865.74612826,ATE 0601,2706,Red Light,E CAPITOL ST E/B @ TEXAS AVE SE,30,,Live,Active,38.88957,-76.93812,405368.67968779,135748.4455802,7.0,7E,7E07,127741,{39A63775-CFF0-6356-E063-782F520A029D}
-8564595.02567808,4705904.93321716,ATE 0602,2701,Red Light,E CAPITOL ST W/B @ BENNING RD NE,30,,Live,Active,38.889844,-76.937066,405460.10008098,135778.92421703,7.0,7F,7F04,127742,{39A63775-CFF1-6356-E063-782F520A029D}
-8574727.77107816,4716182.76036493,ATE 0603,2404,Red Light,GEORGIA AVE S/B @ MISSOURI AVE NW,30,,Live,Active,38.961671,-77.02809,397565.65812719,143750.82616916,4.0,4A,4A06,127743,{39A63775-CFF2-6356-E063-782F520A029D}
-8577452.20429673,4707731.30727191,ATE 0604,2211,Red Light,K ST W/B @ 25TH ST NW,25,,Live,Active,38.902613,-77.052564,395440.74974538,137195.81519111,2.0,2A,2A09,127744,{39A63775-CFF3-6356-E063-782F520A029D}
-8572496.1492592,4713369.55031593,ATE 0605,2504,Red Light,N CAPITOL ST N/B @ HAREWOOD RD NE,40,,Live,Active,38.942018,-77.008043,399302.91634012,141568.82103474,5.0,5A,5A05,127745,{39A63775-CFF4-6356-E063-782F520A029D}
-8572597.00469916,4715150.31483808,ATE 0606,2402,Red Light,N CAPITOL ST N/B @ RIGGS RD NE,50,,Live,Active,38.954459,-77.008949,399224.50812252,142949.89120814,5.0,5A,5A07,127746,{39A63775-CFF5-6356-E063-782F520A029D}
-8572618.60062272,4714866.02427649,ATE 0607,2401,Red Light,N CAPITOL ST S/B @ GALLATIN ST NW,30,,Live,Active,38.952473,-77.009143,399207.67057814,142729.42879409,4.0,4D,4D08,127747,{39A63775-CFF6-6356-E063-782F520A029D}
-8579583.30464132,4715147.1655906,ATE 0608,2303,Red Light,NEBRASKA AVE NE/B @ FESSENDEN ST NW,30,,Live,Active,38.954437,-77.071708,393784.70584434,142949.85226691,3.0,3F,3F06,127748,{39A63775-CFF7-6356-E063-782F520A029D}
-8568612.76872227,4709814.25229543,ATE 0609,2502,Red Light,NY AVE E/B @ BLADENSBURG RD NE,35,,Live,Active,38.917173,-76.973158,402328.0038643,138811.12388019,5.0,5C,5C04,127749,{39A63775-CFF8-6356-E063-782F520A029D}
-8568295.73083204,4703541.96174545,ATE 0700,2702,Red Light,PENNSYLVANIA AVE W/B @ MINNESOTA SE,30,,Live,Active,38.87332,-76.97031,402576.57399026,133943.17108874,7.0,7B,7B03,127750,{39A63775-CFF9-6356-E063-782F520A029D}
-8570875.78271412,4710537.80371792,ATE 0701,2506,Red Light,RHODE ISLAND AVE SW/B @ REED ST NE,30,,Live,Active,38.92223,-76.993487,400564.97271467,139372.17127268,5.0,5B,5B04,127751,{39A63775-CFFA-6356-E063-782F520A029D}
-8567763.62366768,4710985.23810515,ATE 0702,2307,Red Light,S DAKOTA SE/B @ BLADENSBURG RD NE,25,,Live,Active,38.925357,-76.96553,402989.18357794,139719.83889,5.0,5C,5C02,127752,{39A63775-CFFB-6356-E063-782F520A029D}
-8580526.95995218,4714418.27559099,ATE 0703,2302,Red Light,WISCONSIN AVE N/B @ BRANDYWINE NW,30,,Live,Active,38.949345,-77.080185,393049.44313674,142385.20559486,3.0,3E,3E05,127753,{39A63775-CFFC-6356-E063-782F520A029D}
-8569041.57146752,4708752.2689011,ATE 0704,1560,Speed,1400 BLK BLADENSBURG RD NE N/B,25,,Live,Active,38.90975,-76.97701,401994.15451856,137987.01839334,5.0,5C,5C04,127754,{39A63775-CFFD-6356-E063-782F520A029D}
-8569435.64244421,4707955.46079736,ATE 0705,1547,Speed,1100 BLK BLADENSBURG RD NE NE/B,25,,Live,Active,38.90418,-76.98055,401687.25500418,137368.63174623,5.0,5D,5D06,127755,{39A63775-CFFE-6356-E063-782F520A029D}
-8569463.47232679,4707976.91810558,ATE 0706,1548,Speed,1100 BLK BLADENSBURG RD NE SW/B,25,,Live,Active,38.90433,-76.9808,401665.56681188,137385.2783676,5.0,5D,5D06,127756,{39A63775-CFFF-6356-E063-782F520A029D}
-8566590.31629467,4702242.3041893,ATE 0707,1759,Speed,3600 BLK ALABAMA AVE SE NE/B,25,,Live,Active,38.86423,-76.95499,403906.4841389,132934.65793497,7.0,7B,7B02,127757,{39A63775-D000-6356-E063-782F520A029D}
-8575683.11485053,4709593.34824537,ATE 0712,7203,Truck Restriction,1500 BLK T ST NW E/B,25,,Live,Active,38.915629,-77.036672,396819.81276367,138640.02372172,2.0,2B,2B09,127758,{39A63775-D001-6356-E063-782F520A029D}
-8577912.73290843,4707711.99627571,ATE 0757,2205,Red Light,K ST E/B @ 27TH ST NW,25,,Live,Active,38.902478,-77.056701,395081.89435101,137181.04387088,2.0,2A,2A04,127759,{39A63775-D002-6356-E063-782F520A029D}
-8575672.20560753,4711511.39578247,ATE 0784,2103,Red Light,16TH ST S/B @ IRVING ST NW,30,,Live,Active,38.929034,-77.036574,396828.90801256,140128.08841024,1.0,1D,1D04,127760,{39A63775-D003-6356-E063-782F520A029D}
-8564762.56158114,4703099.14448997,ATE 0785,1709,Speed,4200 BLK SOUTHERN AVE SE SW/B,25,,Live,Active,38.870223,-76.938571,405330.99764019,133600.75558669,7.0,7B,7B08,127761,{39A63775-D004-6356-E063-782F520A029D}
-8575138.31725623,4705297.69254902,ATE 0787,2206,Red Light,14TH ST N/B @ C ST SW,25,,Live,Active,38.885598,-77.031778,397243.08356574,135306.18334069,6.0,6D,6D01,127762,{39A63775-D005-6356-E063-782F520A029D}
-8579679.2619624,4714344.98867393,ATE 0788,7301,Truck Restriction,4500 BLK RENO RD NW S/B,25,,Live,Active,38.948833,-77.07257,393709.4951836,142327.81670773,3.0,3E,3E05,127763,{39A63775-D006-6356-E063-782F520A029D}
-8570671.6227718,4705593.01358792,ATE 0800,7602,Truck Restriction,1100 BLK INDEPENDENCE AVE SE E/B,25,,Live,Active,38.887663,-76.991653,400724.36212613,135534.96745478,6.0,6B,6B05,127764,{39A63775-D007-6356-E063-782F520A029D}
-8580976.46801288,4716097.14870014,ATE 0801,3303,Stop Sign,MILITARY RD E/B @ 43rd ST NW,25,,Live,Active,38.961073,-77.084223,392700.61510062,143687.43547033,3.0,3E,3E04,127765,{39A63775-D008-6356-E063-782F520A029D}
-8569412.04275255,4707541.91777724,ATE 0802,3506,Stop Sign,MARYLAND AVE SW/B @ NEAL ST NE,25,,Live,Active,38.901289,-76.980338,401705.71273636,137047.71142646,5.0,5D,5D07,127766,{39A63775-D009-6356-E063-782F520A029D}
-8566868.61495377,4706881.22799007,ATE 0804,2707,Red Light,Benning Rd e/b @ 34 St NE,35,,Live,Active,38.89667,-76.95749,403687.83897812,136535.64049309,7.0,7D,7D03,127767,{39A63775-D00A-6356-E063-782F520A029D}
-8565959.13475574,4706633.784351,ATE 0805,2708,Red Light,Minnesota Ave ne/b @ Benning Rd NE,25,,Live,Active,38.89494,-76.94932,404396.67581023,136343.95856895,7.0,7F,7F01,127768,{39A63775-D00B-6356-E063-782F520A029D}
-8573680.25468243,4711582.37268355,ATE 0806,2104,Red Light,Park Pl s/b @ Irving St NW,25,,Live,Active,38.92953,-77.01868,398380.48184413,140182.67908017,1.0,1E,1E04,127769,{39A63775-D00C-6356-E063-782F520A029D}
-8579746.05363718,4711525.13314024,ATE 0807,1320,Speed,3000 blk Wisconsin Ave NW n/b,25,,Live,Active,38.92913,-77.07317,393655.7313733,140140.6526495,3.0,3A,3A02,127770,{39A63775-D00D-6356-E063-782F520A029D}
-8563791.74431844,4705940.11592884,ATE 0808,1722,Speed,5000 blk E Capitol St NE w/b,30,,Live,Active,38.89009,-76.92985,406086.11164709,135806.68844049,7.0,7C,7C03,127771,{39A63775-D00E-6356-E063-782F520A029D}
-8572235.32761594,4709948.3136034,ATE 0809,1550,Speed,100 blk Rhode Island Ave NE ne/b,30,,Live,Active,38.91811,-77.0057,399505.87168643,138914.81196803,5.0,5F,5F04,127772,{39A63775-D00F-6356-E063-782F520A029D}
-8578533.78446064,4708109.95370585,ATE 0813,2210,Red Light,M St w/b @ Wisconsin Ave NW,25,,Live,Active,38.90526,-77.06228,394598.17803905,137490.18362507,2.0,2E,2E05,127773,{39A63775-D010-6356-E063-782F520A029D}
-8570045.33925007,4710834.99405282,ATE 0814,2511,Red Light,Rhode Island Ave ne/b @ Montana Ave NE,30,,Live,Active,38.924307,-76.986027,401211.84486448,139602.80842371,5.0,5C,5C06,127774,{39A63775-D011-6356-E063-782F520A029D}
-8571065.37539656,4701528.17318057,ATE 0815,1830,Speed,2600 BLK MLK JR AVE SE S/B,25,,Live,Active,38.859227,-76.995188,400417.65005738,132379.19870129,8.0,8C,8C01,127775,{39A63775-D012-6356-E063-782F520A029D}
-8571151.07582342,4700908.50508234,ATE 0816,1831,Speed,2700 BLK MLK JR AVE SE N/B,25,,Live,Active,38.8549,-76.99596,400350.85263857,131898.00543217,8.0,8C,8C03,127776,{39A63775-D013-6356-E063-782F520A029D}
-8572494.70196781,4698212.84951985,ATE 0817,2805,Red Light,S Capitol St SW/B @ MLK Jr Ave SE,35,,Live,Active,38.83604,-77.00803,399303.0082592,129804.43709497,8.0,8D,8D01,127777,{39A63775-D014-6356-E063-782F520A029D}
-8574475.07580269,4707845.31453565,ATE 0818,2212,Red Light,Massachusetts Ave e/b @ 9th St NW,25,,Live,Active,38.90341,-77.02582,397760.5670172,137283.29262155,2.0,2C,2C04,127778,{39A63775-D015-6356-E063-782F520A029D}
-8568513.91709451,4709911.11382963,ATE 0819,2512,Red Light,Bladensburg Rd s/b @ NY Ave NE,25,,Live,Active,38.91785,-76.97227,402404.99102639,138886.29954385,5.0,5C,5C04,127779,{39A63775-D016-6356-E063-782F520A029D}
-8570217.10528367,4697606.92557575,ATE 0820,2803,Red Light,Southern Ave ne/b @ Wheeler Rd SE,30,,Live,Active,38.8318,-76.98757,401079.44273413,129333.8112359,8.0,8E,8E06,127780,{39A63775-D017-6356-E063-782F520A029D}
-8569412.26529635,4699816.43555945,ATE 0821,2804,Red Light,Stanton Rd s/b @ Alabama Ave SE,20,,Live,Active,38.84726,-76.98034,401706.83077576,131050.08746811,8.0,8C,8C08,127781,{39A63775-D018-6356-E063-782F520A029D}
-8572685.05841894,4709725.11751081,ATE 0822,2510,Red Light,RI Ave e/b @ N Capitol St NW,25,,Live,Active,38.91655,-77.00974,399155.49703415,138741.66859039,5.0,5E,5E04,127782,{39A63775-D019-6356-E063-782F520A029D}
-8567829.30223126,4712702.89975408,ATE 0823,1563,Speed,3800 blk Eastern Ave NE se/b,25,,Live,Active,38.93736,-76.96612,402937.52842484,141052.25627526,5.0,5B,5B07,127783,{39A63775-D01A-6356-E063-782F520A029D}
-8567723.54872344,4712598.42647105,ATE 0824,1564,Speed,3800 blk Eastern Ave NE nw/b,25,,Live,Active,38.93663,-76.96517,403019.92283148,140971.25088664,5.0,5B,5B07,127784,{39A63775-D01B-6356-E063-782F520A029D}
-8576573.55944958,4709341.40338219,ATE 0825,2299,One Way,2000 blk S St NW w/b,20,,Idle,Retired,38.913868,-77.044671,396126.0051589,138444.84722879,2.0,2B,2B01,127785,{39A63775-D01C-6356-E063-782F520A029D}
-8570502.12174045,4703246.1923223,ATE 0826,1832,Speed,5100 blk 11Th St SE se/b,25,,Live,Active,38.87125145,-76.99013035,400856.6627111,133713.17357753,8.0,8F,8F01,127786,{39A63775-D01D-6356-E063-782F520A029D}
-8569329.38795335,4710263.08561586,ATE 0827,1566,Speed,1700 blk Montana  Ave NE nw/b,25,,Live,Active,38.92031,-76.9795955,401769.64697129,139159.21267708,5.0,5C,5C06,127787,{39A63775-D01E-6356-E063-782F520A029D}
-8570521.34079496,4710219.24502377,ATE 0828,1567,Speed,1100 blk  Brentwood  Rd NE n/b,25,,Live,Active,38.92000359,-76.99030299,400841.10579015,139125.04599976,5.0,5C,5C05,127788,{39A63775-D01F-6356-E063-782F520A029D}
-8579033.27494391,4716003.66380249,ATE 0829,1321,Speed,5300 blk Nebraska  Ave NW sw/b,25,,Live,Active,38.96042,-77.066767,394213.46576964,143613.69524574,3.0,3F,3F06,127789,{39A63775-D020-6356-E063-782F520A029D}
-8562898.08473391,4706795.09046188,ATE 0830,3604,Stop Sign,55th St s/b @ Eads St NE,25,,Live,Active,38.89606,-76.92182,406782.00908238,136470.83403146,7.0,7C,7C06,127790,{39A63775-D021-6356-E063-782F520A029D}
-8572895.69094822,4697369.39020831,ATE 0831,1322,Speed,4600 blk Connecticut Ave NW n/b,25,,Test,Active,38.83013,-77.01163,398990.18074416,129149.28224046,8,8D,8D01,127791,{39A63775-D022-6356-E063-782F520A029D}
-8579110.66078659,4714627.65880744,ATE 0832,1323,Speed,4601 blk Connecticut Ave NW s/b,25,,Test,Active,38.9508,-77.06746,394152.42667562,142546.69559549,3,3F,3F04,127792,{39A63775-D023-6356-E063-782F520A029D}
-8573199.35445301,4711114.44970622,ATE 0008,1112,Speed,100 BLK MICHIGAN AVE NW E/B,25,,Live,Active,38.92626,-77.01436,398755.00302176,139819.61329639,1.0,1E,1E05,127793,{39A63775-D024-6356-E063-782F520A029D}
-8574557.45215376,4709780.91606632,ATE 0012,1109,Speed,1000 BLK U ST NW E/B,25,Fixed,Live,Active,38.91694,-77.02656,397696.81665768,138785.25188724,1.0,1B,1B02,127794,{39A63775-D025-6356-E063-782F520A029D}
-8570583.34639235,4712840.29080408,ATE 0021,1509,Speed,1100 BLK MICHIGAN AVE NE W/B,25,,Live,Active,38.93832,-76.99086,400792.59899518,141158.31934102,5.0,5B,5B05,127795,{39A63775-D026-6356-E063-782F520A029D}
-8572594.88957869,4707889.65896865,ATE 0022,1609,Speed,1100 BLK NORTH CAPITOL ST NE N/B,25,Fixed,Live,Active,38.90372,-77.00893,399225.60389623,137317.42624846,6.0,6E,6E07,127796,{39A63775-D027-6356-E063-782F520A029D}
-8567276.60087674,4703764.44999037,ATE 0026,1735,Speed,1200 BLK BRANCH AVE SE S/B,25,Portable,Live,Active,38.874876,-76.961155,403370.93737555,134116.19692196,7.0,7B,7B04,127797,{39A63775-D028-6356-E063-782F520A029D}
-8574715.63716574,4706178.81827015,ATE 0034,2220,Red Light,12TH ST N/B @ CONSTITUTION AVE NW,30,,Live,Active,38.891759,-77.027981,397572.7260763,135989.99434851,2.0,2C,2C03,127798,{39A63775-D029-6356-E063-782F520A029D}
-8570621.75160838,4712225.3368882,ATE 0035,3504,Stop Sign,12TH ST N/B @ OTIS ST NE,25,,Live,Active,38.934023,-76.991205,400762.73438984,140681.31187325,5.0,5B,5B04,127799,{39A63775-D02A-6356-E063-782F520A029D}
-8574279.15345706,4708599.19683831,ATE 0037,1204,Speed,1300 BLK 9TH ST NW S/B,25,,Live,Active,38.90868,-77.02406,397913.38308308,137868.26365197,2.0,2G,2G02,127800,{39A63775-D02B-6356-E063-782F520A029D}
-8563626.32347813,4708478.74361125,ATE 0038,1711,Speed,1300 BLK EASTERN AVE NE NW/B,25,,Live,Active,38.907838,-76.928364,406213.48488253,137776.95745409,7.0,7C,7C07,127801,{39A63775-D02C-6356-E063-782F520A029D}
-8570200.4629833,4707379.76664539,ATE 0040,1602,Speed,1300 BLK H ST NE E/B,25,,Live,Active,38.9001554,-76.9874205,401091.37788848,136921.7642745,6.0,6A,6A01,127802,{39A63775-D02D-6356-E063-782F520A029D}
-8575126.18351175,4716185.33731334,ATE 0042,1418,Speed,1300 BLK MISSOURI AVE NW E/B,30,Fixed,Live,Active,38.961689,-77.031669,397255.47100891,143752.92587006,4.0,4E,4E02,127803,{39A63775-D02E-6356-E063-782F520A029D}
-8573325.38484351,4708464.40570716,ATE 0043,1605,Speed,1300 BLK NEW JERSEY AVE NW N/B,25,,Idle,Retired,38.90773,-77.01549,398656.48314462,137763.50792936,2,2G,2G03,127804,{39A63775-D02F-6356-E063-782F520A029D}
-8570099.10660228,4710806.80575413,ATE 0044,1533,Speed,1300 BLK RHODE ISLAND AVE NE E/B,25,Fixed,Live,Active,38.92411,-76.98651,401169.96509431,139580.93345344,5.0,5C,5C06,127805,{39A63775-D030-6356-E063-782F520A029D}
-8570139.18158965,4710835.42334951,ATE 0045,1534,Speed,1300 BLK RHODE ISLAND AVE NE W/B,25,Fixed,Live,Active,38.92431,-76.98687,401138.74467146,139603.13059927,5.0,5B,5B03,127806,{39A63775-D031-6356-E063-782F520A029D}
-8574916.90281934,4710991.39094992,ATE 0048,3101,Stop Sign,13TH ST N/B @ GIRARD ST NW,25,Fixed,Live,Active,38.9254,-77.029789,397417.09377914,139724.46951795,1.0,1A,1A09,127807,{39A63775-D032-6356-E063-782F520A029D}
-8574914.3424653,4715484.86029347,ATE 0049,3409,Stop Sign,13TH ST N/B @ LONGFELLOW ST NW,25,,Live,Active,38.956796,-77.029766,397420.22466677,143209.70223306,4.0,4E,4E01,127808,{39A63775-D033-6356-E063-782F520A029D}
-8574916.56889665,4712696.03019139,ATE 0050,3407,Stop Sign,13TH ST N/B @ QUINCY ST NW,25,,Live,Active,38.937312,-77.029786,397417.78540401,141046.80420498,4.0,4C,4C04,127809,{39A63775-D034-6356-E063-782F520A029D}
-8574915.12169294,4715769.59771276,ATE 0052,3405,Stop Sign,13TH ST S/B @ MADISON ST NW,25,,Live,Active,38.958785,-77.029773,397419.68995941,143430.49971552,4.0,4E,4E01,127810,{39A63775-D035-6356-E063-782F520A029D}
-8574899.2030425,4712936.03638356,ATE 0053,3802,Stop Sign,13TH ST S/B @ RANDOLPH ST NW,25,,Live,Active,38.938989,-77.02963,397431.37079299,141232.96151145,4.0,4C,4C02,127811,{39A63775-D036-6356-E063-782F520A029D}
-8569072.7408902,4708778.01958091,ATE 0054,1559,Speed,1400 BLK BLADENSBURG RD NE S/B,25,,Live,Active,38.90993,-76.97729,401969.86459147,138006.9937889,5.0,5C,5C04,127812,{39A63775-D037-6356-E063-782F520A029D}
-8564523.78119857,4708796.76033975,ATE 0057,1717,Speed,1400 BLK KENILWORTH AVE NE S/B,25,,Live,Active,38.910061,-76.936426,405514.0611716,138023.2107362,7.0,7D,7D01,127813,{39A63775-D038-6356-E063-782F520A029D}
-8570160.33226538,4701581.81585854,ATE 0058,1819,Speed,1400 BLK MORRIS ROAD SE NW/B,25,Fixed,Live,Active,38.85961,-76.98706,401123.28686627,132420.92104585,8.0,8A,8A04,127814,{39A63775-D039-6356-E063-782F520A029D}
-8569858.65647607,4704508.59144893,ATE 0060,1608,Speed,1400 BLK PENNSYLVANIA AVE SE NW/B,25,Fixed,Live,Active,38.88008,-76.98435,401358.10628481,134693.27951524,6.0,6B,6B09,127815,{39A63775-D03A-6356-E063-782F520A029D}
-8569038.2318978,4698818.80950925,ATE 0064,1812,Speed,1400 BLK SOUTHERN AVE SE SW/B,25,,Live,Active,38.84028,-76.97698,401998.70094774,130275.32730624,8.0,8E,8E05,127816,{39A63775-D03B-6356-E063-782F520A029D}
-8575298.84007532,4709812.39223421,ATE 0065,1110,Speed,1400 BLK U ST NW E/B,25,Fixed,Live,Active,38.91716,-77.03322,397119.24874629,138809.86284466,1.0,1B,1B07,127817,{39A63775-D03C-6356-E063-782F520A029D}
-8575329.00759499,4716472.09874339,ATE 0067,3411,Stop Sign,14TH ST N/B @ FORT STEVENS DR NW,25,,Live,Active,38.963692,-77.033491,397097.64198602,143975.33385563,4.0,4A,4A07,127818,{39A63775-D03D-6356-E063-782F520A029D}
-8570026.19234991,4713129.24762142,ATE 0070,3502,Stop Sign,14TH ST N/B @ TAYLOR ST NE,25,,Live,Active,38.940339,-76.985855,401226.48400113,141382.5014388,5.0,5B,5B02,127819,{39A63775-D03E-6356-E063-782F520A029D}
-8575574.91233384,4709779.48528506,ATE 0079,1116,Speed,1500 BLK U ST NW E/B,25,Fixed,Live,Active,38.91693,-77.0357,396904.16578534,138784.41212053,2.0,2B,2B09,127820,{39A63775-D03F-6356-E063-782F520A029D}
-8569470.15142296,4707336.08237079,ATE 0082,1518,Speed,1600 BLK BENNING RD NE W/B,30,,Live,Active,38.89985,-76.98086,401660.46675591,136887.96128941,5.0,5D,5D07,127821,{39A63775-D040-6356-E063-782F520A029D}
-8569618.20635815,4713452.84894406,ATE 0083,1531,Speed,1600 BLK MICHIGAN AVE NE W/B,25,,Live,Active,38.9426,-76.98219,401544.171455,141633.54804063,5.0,5B,5B01,127822,{39A63775-D041-6356-E063-782F520A029D}
-8575648.82850143,4712306.47943329,ATE 0087,2110,Red Light,16TH ST N/B @ OAK ST NW,30,,Live,Active,38.93459,-77.036364,396847.36250099,140744.84510661,1.0,1D,1D06,127823,{39A63775-D042-6356-E063-782F520A029D}
-8575665.08115026,4714914.26439661,ATE 0089,1401,Speed,16TH ST S/B @ COLORADO AVE NW,25,,Live,Active,38.95281,-77.03651,396835.51299886,142767.43206225,4.0,4E,4E06,127824,{39A63775-D043-6356-E063-782F520A029D}
-8572598.11786574,4709142.82774938,ATE 0094,1501,Speed,1700 BLK N CAPITOL ST NE N/B,25,,Live,Active,38.91248,-77.008959,399223.18391103,138289.85793257,5.0,5F,5F07,127825,{39A63775-D044-6356-E063-782F520A029D}
-8569179.60758102,4699930.78284648,ATE 0098,1721,Speed,1800 BLK ALABAMA AVE SE NE/B,25,,Idle,Retired,38.84806,-76.97825,401888.23829127,131138.93421034,8.0,8C,8C05,127826,{39A63775-D045-6356-E063-782F520A029D}
-8576777.94205965,4709641.27715318,ATE 0100,1309,Speed,1800 BLK CONNECTICUT AVE NW S/B,25,,Live,Active,38.915964,-77.046507,395966.892978,138677.60010442,2.0,2D,2D01,127827,{39A63775-D046-6356-E063-782F520A029D}
-8567114.630995,4702509.65692077,ATE 0106,1718,Speed,1900 BLK BRANCH AVE SE N/B,25,,Live,Active,38.8661,-76.9597,403497.62415996,133142.05061531,7.0,7B,7B02,127828,{39A63775-D047-6356-E063-782F520A029D}
-8569053.25995379,4705570.2742891,ATE 0111,1739,Speed,1900 BLK INDEPENDENCE AVE SE E/B,25,Portable,Live,Active,38.887504,-76.977115,401985.66667721,135517.53295619,7.0,7F,7F07,127829,{39A63775-D048-6356-E063-782F520A029D}
-8568812.25322785,4699022.47163244,ATE 0113,1813,Speed,1900 BLK SOUTHERN AVE SE NE/B,30,,Live,Active,38.841705,-76.97495,402174.89496635,130433.55849983,8.0,8E,8E05,127830,{39A63775-D049-6356-E063-782F520A029D}
-8576428.73290214,4709421.95073404,ATE 0116,3203,Stop Sign,19TH ST S/B @ S ST NW,25,,Live,Active,38.914431,-77.04337,396238.86664435,138507.2904708,2.0,2B,2B01,127831,{39A63775-D04A-6356-E063-782F520A029D}
-8572948.10631622,4708471.44767286,ATE 0117,3603,Stop Sign,1ST ST S/B @ N ST NW,25,,Live,Active,38.907787,-77.012103,398950.43989029,137768.92793265,5.0,5E,5E01,127832,{39A63775-D04B-6356-E063-782F520A029D}
-8572086.82736892,4707369.55356028,ATE 0121,1603,Speed,200 BLK H ST NE E/B,25,,Live,Active,38.900084,-77.004366,399621.46285475,136913.77220954,6.0,6C,6C04,127833,{39A63775-D04C-6356-E063-782F520A029D}
-8573157.05296101,4708150.00780218,ATE 0124,1206,Speed,200 BLK NEW YORK AVE NW E/B,25,,Live,Active,38.90554,-77.01398,398787.60126033,137519.51593663,6.0,6E,6E03,127834,{39A63775-D04D-6356-E063-782F520A029D}
-8573263.91971074,4709459.00551453,ATE 0125,1119,Speed,200 BLK RHODE ISLAND AVE NW E/B,25,Fixed,Live,Active,38.91469,-77.01494,398704.49988818,138535.25410962,5.0,5E,5E03,127835,{39A63775-D04E-6356-E063-782F520A029D}
-8573239.42948053,4709504.78778283,ATE 0126,1120,Speed,200 BLK RHODE ISLAND AVE NW W/B,25,Fixed,Live,Active,38.91501,-77.01472,398723.58533307,138570.77366272,1.0,1B,1B01,127836,{39A63775-D04F-6356-E063-782F520A029D}
-8572088.38592345,4715330.82774056,ATE 0127,1404,Speed,200 BLK RIGGS RD NE E/B,25,,Live,Active,38.95572,-77.00438,399620.54490437,143089.84481257,5.0,5A,5A07,127837,{39A63775-D050-6356-E063-782F520A029D}
-8567124.88687641,4702459.29794399,ATE 0129,1705,Speed,2000 BLK BRANCH AVE SE S/B,25,,Idle,Retired,38.86574,-76.95979,403489.64585571,133102.94674419,7,7B,7B02,127838,{39A63775-D051-6356-E063-782F520A029D}
-8566291.98002126,4702229.43721205,ATE 0133,1708,Speed,2100 BLK 38TH ST SE N/B,25,,Live,Active,38.86414,-76.95231,404139.07940899,132924.78536715,7.0,7B,7B06,127839,{39A63775-D052-6356-E063-782F520A029D}
-8567067.83353675,4702021.85358523,ATE 0137,1752,Speed,2200 BLK BRANCH AVE SE N/B,25,Portable,Live,Active,38.862688,-76.959222,403539.27659924,132763.31214311,7.0,7B,7B02,127840,{39A63775-D053-6356-E063-782F520A029D}
-8567055.00711878,4702021.84783265,ATE 0138,1753,Speed,2200 BLK BRANCH AVE SE S/B,25,Portable,Live,Active,38.862688,-76.959222,403539.27659924,132763.31214311,7.0,7B,7B02,127841,{39A63775-D054-6356-E063-782F520A029D}
-8574049.72400534,4710161.78511455,ATE 0140,1113,Speed,2200 BLK GEORGIA AVE NW S/B,25,Portable,Live,Active,38.919602,-77.021999,398092.43259478,139080.65092924,1.0,1E,1E07,127842,{39A63775-D055-6356-E063-782F520A029D}
-8568606.31217116,4700648.34177766,ATE 0141,1804,Speed,2200 BLK IRVING ST SE W/B,20,,Live,Active,38.85308,-76.9731,402335.13016428,131696.30870053,8.0,8B,8B03,127843,{39A63775-D056-6356-E063-782F520A029D}
-8577338.10169971,4707719.29148402,ATE 0142,1201,Speed,2200 BLK K ST NW W/B,25,,Live,Active,38.902529,-77.051539,395529.65365262,137186.43982007,2.0,2A,2A09,127844,{39A63775-D057-6356-E063-782F520A029D}
-8566876.40729316,4710202.9920506,ATE 0144,1524,Speed,2200 BLK SOUTH DAKOTA AVE NE SE/B,25,,Live,Active,38.91989,-76.95756,403680.56835285,139113.24685955,5.0,5C,5C04,127845,{39A63775-D058-6356-E063-782F520A029D}
-8577001.58289698,4707719.29149103,ATE 0145,1202,Speed,2200 BLK K ST NW E/B,25,,Live,Active,38.902529,-77.048516,395791.87096627,137186.29611522,2.0,2A,2A08,127846,{39A63775-D059-6356-E063-782F520A029D}
-8568527.05268713,4700397.33330634,ATE 0147,1815,Speed,2300 BLK ALABAMA AVE SE NE/B,25,Portable,Live,Active,38.851324,-76.972388,402396.99135951,131501.39872512,8.0,8B,8B03,127847,{39A63775-D05A-6356-E063-782F520A029D}
-8568593.06518739,4700367.17267406,ATE 0148,1814,Speed,2300 BLK ALABAMA AVE SE SW/B,25,Portable,Live,Active,38.851113,-76.972981,402345.52409255,131477.96083465,8.0,8E,8E02,127848,{39A63775-D05B-6356-E063-782F520A029D}
-8568693.04501866,4702159.49307385,ATE 0150,1758,Speed,2300 BLK MARION BARRY AVE SE NW/B,25,,Live,Active,38.863643,-76.973877,402267.16485673,132869.72020196,8.0,8A,8A07,127849,{39A63775-D05C-6356-E063-782F520A029D}
-8569276.45563666,4710567.85137621,ATE 0154,1502,Speed,2400 BLK 18TH ST NE S/B,25,,Live,Active,38.92244,-76.97912,401810.82784951,139395.66994137,5.0,5C,5C06,127850,{39A63775-D05D-6356-E063-782F520A029D}
-8568382.56006519,4707088.62757272,ATE 0155,1529,Speed,2400 BLK BENNING RD NE NW/B,25,Fixed,Live,Active,38.89812,-76.97109,402508.01670772,136696.14052632,5.0,5D,5D09,127851,{39A63775-D05E-6356-E063-782F520A029D}
-8579614.69662021,4710390.42788111,ATE 0158,1313,Speed,2400 BLK WISCONSIN AVE NW N/B,25,Fixed,Live,Active,38.9212,-77.07199,393757.35306127,139260.27413371,3.0,3B,3B02,127852,{39A63775-D05F-6356-E063-782F520A029D}
-8579687.05427765,4710492.01673657,ATE 0159,1314,Speed,2400 BLK WISCONSIN AVE NW S/B,25,Fixed,Live,Active,38.92191,-77.07264,393701.04905214,139339.13474647,3.0,3B,3B02,127853,{39A63775-D060-6356-E063-782F520A029D}
-8568397.03153753,4707061.45092283,ATE 0160,1528,Speed,2500 BLK BENNING RD NE SE/B,30,Fixed,Live,Active,38.89793,-76.97122,402496.74635991,136675.04545308,7.0,7D,7D05,127854,{39A63775-D061-6356-E063-782F520A029D}
-8571469.4494687,4701929.21022696,ATE 0161,1816,Speed,2500 BLK FIRTH STERLING AVE SE W/B,25,Fixed,Live,Active,38.86204,-76.99882,400102.59816036,132690.58972523,8.0,8C,8C01,127855,{39A63775-D062-6356-E063-782F520A029D}
-8574154.47562006,4710606.48438796,ATE 0162,1114,Speed,2500 BLK GEORGIA AVE NW S/B,25,,Live,Active,38.92271,-77.02294,398010.91577375,139425.68517969,1.0,1E,1E06,127856,{39A63775-D063-6356-E063-782F520A029D}
-8570959.60628126,4701773.38167274,ATE 0164,1811,Speed,2500 BLK MARTIN LUTHER KING AVE SE n/b,25,,Live,Active,38.86095,-76.99424,400500.10402282,132569.60692069,8.0,8A,8A06,127857,{39A63775-D064-6356-E063-782F520A029D}
-8572596.00272058,4710484.86264279,ATE 0166,1532,Speed,2500 BLK NORTH CAPITOL ST NE N/B,25,,Live,Active,38.92186,-77.00894,399224.93375037,139331.11599269,5.0,5E,5E06,127858,{39A63775-D065-6356-E063-782F520A029D}
-8570858.19415622,4701508.19271365,ATE 0168,1821,Speed,2500 BLK SHERIDAN ROAD SE N/B,25,Portable,Live,Active,38.859095,-76.993329,400579.18596945,132363.69389966,8.0,8B,8B04,127859,{39A63775-D066-6356-E063-782F520A029D}
-8570899.27107447,4701718.05595329,ATE 0169,1822,Speed,2500 BLK SHERIDAN ROAD SE S/B,25,Portable,Live,Active,38.860563,-76.993698,400547.14788951,132526.65022602,8.0,8B,8B04,127860,{39A63775-D067-6356-E063-782F520A029D}
-8568136.54390096,4699702.08952774,ATE 0170,1818,Speed,2500 BLK SOUTHERN AVE SE NE/B,30,Fixed,Live,Active,38.84646,-76.96888,402701.68045066,130961.55855225,8.0,8E,8E01,127861,{39A63775-D068-6356-E063-782F520A029D}
-8574094.3631051,4710819.96982105,ATE 0171,1115,Speed,2600 BLK GEORGIA AVE NW N/B,25,Portable,Live,Active,38.924202,-77.0224,398057.78318116,139591.29818064,1.0,1E,1E05,127862,{39A63775-D069-6356-E063-782F520A029D}
-8572001.55673669,4710650.84092024,ATE 0173,1512,Speed,2600 BLK LINCOLN RD NE N/B,25,,Live,Active,38.92302,-77.0036,399688.00902504,139459.85397681,5.0,5F,5F04,127863,{39A63775-D06A-6356-E063-782F520A029D}
-8579744.94044532,4710761.0176079,ATE 0175,1305,Speed,2600 BLK WISCONSIN AVE NW N/B,25,,Live,Active,38.92379,-77.07316,393656.12337697,139547.8665882,3.0,3C,3C08,127864,{39A63775-D06B-6356-E063-782F520A029D}
-8579759.41196655,4710871.19546229,ATE 0176,1301,Speed,2600 BLK WISCONSIN AVE NW S/B,25,,Live,Active,38.92456,-77.07329,393644.91906703,139633.35213575,3.0,3B,3B01,127865,{39A63775-D06C-6356-E063-782F520A029D}
-8568158.02864469,4702924.28194962,ATE 0179,3701,Stop Sign,27TH ST N/B @ R ST SE,25,,Live,Active,38.869,-76.969073,402684.07870893,133463.65463772,7.0,7B,7B03,127866,{39A63775-D06D-6356-E063-782F520A029D}
